Emotion,Paragraph,Title
Surprised,"""Discovering recent advancements in medicine and reading a fascinating article about a potential new cure for a common disease. I didn�t expect that medical science was progressing so quickly! It's surprising to see how close we are to breakthroughs that could change millions of lives, and I feel in awe of the possibilities.""", "Breakthrough in Cancer Research" 
Surprised,"""Came across an article about an unexpected scientific discovery regarding the human brain, and I�m totally fascinated. Reading about how little we still know, and feeling amazed at how science is continually uncovering things we thought we understood. It�s exciting to imagine what else we might discover.""", "New Brain Research Shocks Scientists" 
Surprised,"""Found an article on surprising benefits of meditation that I hadn�t heard about before. I always thought meditation was just for relaxation, but it turns out it can improve focus and emotional well-being, too. Feeling inspired to try it and see if it has an impact on my day-to-day life.""", "Unexpected Benefits of Meditation" 
Surprised,"""Just read an article about a newly discovered animal species that scientists are studying. I'm amazed by the diversity of life on Earth and how we keep uncovering new creatures. Feeling inspired to learn more about nature�s mysteries.""", "New Species Discovery Shocks Scientists" 
Surprised,"""I didn�t expect that at all! It came out of nowhere, and I�m still trying to wrap my mind around it. What a huge surprise!""", Unexpected News 
Surprised,"""That was a pleasant surprise. I didn�t think it would happen, but here we are. I�m still in shock, but in a good way. This was unexpected.""", Pleasantly Shocked 
Surprised,"""I had no idea this was coming! I�m shocked, but in a happy way. Everything just took a turn I didn�t expect.""", Completely Unaware 
Surprised,"""I didn�t expect it, and yet here it is�something I never saw coming. The surprise is both exciting and overwhelming.""", Unexpected Turn 
Surprised,"""It�s not often that something catches me off guard, but this is one of those moments where I can�t hide my astonishment.""", Astonishing Moment 
Surprised,"""My heart skipped a beat when I saw what had happened. It�s a pleasant surprise that I never saw coming.""", A Happy Surprise 
Surprised,"""I thought I knew what to expect, but today proved me wrong. The surprise is still sinking in.""", A Moment of Wonder 
Surprised,"""I�m stunned by what just happened. It�s a happy shock, something I never anticipated, but I'm grateful for it.""", Unexpected Joy 
Surprised,"""The unexpected news took me by surprise. I�m still trying to process it, and it�s a lot to take in.""", A Sudden Shift 
Surprised,"""It was completely out of nowhere. The surprise was so great that I almost didn�t know how to respond.""", Surprised by the Outcome 
Surprised,"""The unexpected twist left me breathless. I never imagined something like this could happen, and now it�s hard to believe.""", Out of the Blue 
Surprised,"""It�s rare for me to be taken aback, but today, I was completely surprised by what I learned.""", A Complete Surprise 
Surprised,"""I couldn�t have predicted this turn of events. It�s both exciting and confusing at the same time.""", Unexpected Delight 
Surprised,"""I had no idea that was going to happen! I�m completely caught off guard right now.""", Unexpected Twist 
Surprised,"""I didn�t see that coming! It�s like the world just shifted in the blink of an eye.""", Jaw-Dropping Moment 
Surprised,"""I can�t believe it! My mind is still processing everything that just happened.""", Shocked and Awed 
Surprised,"""I was not expecting that at all! I�m trying to wrap my head around it.""", Unbelievable Surprise 
Surprised,"""Everything I thought I knew just changed in an instant. I�m in complete shock!""", Sudden Shock 
Surprised,"""I was taken completely by surprise. I didn�t even know what to say!""", Stunned by Surprise 
Surprised,"""This is unbelievable! I never thought this would happen to me.""", Shocking Reality 
Surprised,"""I�m in complete disbelief right now. That was beyond anything I could have imagined!""", Mind-Blowing Event 
Surprised,"""I�m still processing it. My brain can�t keep up with what just happened!""", Overwhelmed by Surprise 
Surprised,"""I can�t even begin to explain how surprised I am. This is nothing like I expected!""", Beyond Expectations 
Surprised,"""That caught me completely off guard! I�m still trying to figure out what just happened.""", Unexpected Reaction 
Surprised,"""I thought I knew what was going on, but this completely changed everything! I�m speechless.""", Completely Unexpected 
Surprised,"""I didn�t think this was possible, but here we are. I�m in awe of what just happened!""", Astonishing Moment 
Surprised,"""My jaw literally dropped when I saw that. I can�t believe it!""", Dropped My Jaw 
Surprised,"""It feels like I�m in a dream! That was such an unexpected turn of events!""", Dream-Like Surprise 
Surprised,"""I�m still in shock. I never thought I�d experience something like this!""", Shocked and Surprised 
Surprised,"""That was a total curveball! I didn�t know how to react at first.""", Curveball Moment 
Surprised,"""I�m still reeling from that surprise! It�s going to take a while to fully process.""", Reeling from the Surprise 
Surprised,"""I never saw that coming! That was the last thing I expected today.""", Unexpected Discovery 
Surprised,"""Everything changed in an instant. I�m still trying to wrap my head around it!""", Instant Change 
Surprised,"""I never expected this. My heart skipped a beat when I found out the news.""", Unexpected Revelation 
Surprised,"""I was completely taken off guard by the surprise. I didn't know how to react!""", Caught Off Guard 
Surprised,"""I didn�t think this would happen. I�m still processing what just occurred!""", Still in Shock 
Surprised,"""I was completely blindsided by what just happened. My mind can�t catch up to reality.""", Unexpected Turn 
Surprised,"""I was caught completely off guard by the news. I never expected this to happen.""", Unexpected Shock 
Surprised,"""I never saw it coming. The surprise took me by complete shock, and I can�t process it.""", Caught by Surprise 
Surprised,"""I was floored by what I saw. I never imagined anything like this would happen.""", Shocked Beyond Words 
Surprised,"""My jaw dropped when I heard the news. I couldn�t believe what was happening.""", Jaw-Dropping Moment 
Surprised,"""I was so caught off guard. I�m still trying to process what just happened.""", Caught Off Guard 
Surprised,"""I didn�t expect this at all. I�m still trying to wrap my head around it.""", Unbelievable Surprise 
Shocked,"""I couldn�t believe my eyes when I saw the accident unfold right before me. My body froze in place.""", Paralyzed by Shock 
Shocked,"""The news hit me like a ton of bricks. I couldn�t process what I was hearing at first.""", Blindsided by Reality 
Shocked,"""Everything seemed to stop for a moment as I processed what had just happened. It felt like a nightmare.""", Frozen in Time 
Shocked,"""I�m still struggling to understand what�s going on. It feels like I�m in a movie that�s too unreal.""", Unreal Experience 
Shocked,"""I looked around, trying to find some explanation, but all I could feel was pure shock.""", Searching for Answers 
Shocked,"""It�s hard to speak; I�m still in disbelief. Everything just happened so fast.""", Struggling to Process 
Shocked,"""My heart skipped a beat as I watched the scene unfold in front of me. I couldn�t believe what I saw.""", Heart-Stopping Moment 
Shocked,"""I just stared at the screen, unable to react. The information was too much to absorb at once.""", Information Overload 
Shocked,"""My jaw dropped to the floor as the unexpected announcement was made. I never saw it coming.""", Unexpected Revelation 
Shocked,"""I sat there in disbelief, feeling like the world around me had suddenly shifted.""", Reality Shifted 
Shocked,"""I couldn�t find the words. The surprise had taken away my ability to speak.""", Silent in Surprise 
Shocked,"""The shocking turn of events left me speechless. I could barely grasp what was happening.""", Speechless in Shock 
Shocked,"""I was stunned when I saw the unexpected twist. My mind was trying to catch up with reality.""", Reality Bending 
Shocked,"""The sudden revelation made my entire body tense up. I couldn�t believe my ears.""", Unbelievable News 
Shocked,"""What I just saw left me completely shocked, as if time had stopped for a moment.""", Time Standstill 
Shocked,"""The news was so unexpected, I didn�t know how to react. My mind is still trying to process it.""", Speechless Shock 
Shocked,"""What I just saw was completely beyond my understanding. I�m in complete disbelief.""", Beyond Belief 
Shocked,"""The unexpected twist left me speechless. My mind is still reeling from what just happened.""", Reeling in Shock 
Shocked,"""The events unfolded so quickly that I didn�t know how to react. I was stunned into silence.""", Stunned by the News 
Shocked,"""My mind is racing, and I can�t stop replaying the event. I�m in shock and can�t believe it happened.""", Shocked Beyond Words 
Shocked,"""Feeling a bit overwhelmed by the news about the recent natural disaster that struck a major city. Reading about the damage, rescue efforts, and the impact on thousands of people, and trying to wrap my head around the magnitude of this event. I�m shocked by the extent of the destruction and worried for the affected communities.""", "City Hit by Massive Earthquake" 
Shocked,"""Reading a news article about a shocking political scandal that just broke. It�s surprising to see the details coming out, and I�m almost in disbelief about how deep the situation seems to go. It�s upsetting and disheartening to see people in power acting in ways that harm the public trust.""", "Breaking: Major Political Scandal" 
Shocked,"""Following the news about a recent tragic accident, reading reports and trying to understand what happened. It�s heartbreaking to see the images and read the stories of those affected, and I�m finding it hard to believe how suddenly things can change.""", "Tragedy Strikes at Local Event" 
Shocked,"""Reading the latest news on a controversial policy that just passed. I�m shocked and a bit disheartened by how quickly it happened and trying to understand the implications. It feels like it could have major consequences, and I�m stunned by the speed and secrecy behind it all.""", "Breaking: Controversial Policy Passed" 
Shocked,"""Caught off guard by the news about a famous celebrity�s sudden death. Reading the details, trying to make sense of what happened, and feeling a strange mix of shock and sadness, especially because they were a significant figure for so many people.""", "Remembering a Celebrity Icon" 
Shocked,"""Just read about a major accident at a local event. I�m shocked by the details, reading updates as they come in, and can�t believe something so tragic could happen so close to home. My thoughts are with the people affected.""", "Accident at Local Festival: Updates" 
Shocked,"""Reading about a tragic plane crash that recently happened, and I�m feeling deeply unsettled. The details are heartbreaking, and I can�t imagine what the passengers and their families must be going through. It�s a harsh reminder of how fragile life can be.""", "Recent Plane Crash: What We Know So Far" 
Shocked,"""Just read about a natural disaster that has devastated an entire region. I�m shocked by the images and details of the destruction. Reading updates and feeling deeply for the people affected, wondering how they will recover from such a loss.""", "Region Devastated by Wildfire" 
Shocked,"""Read an article on a government scandal and can�t believe what�s happening. The depth of the corruption being uncovered is shocking, and I�m following updates to understand what this means for the public and for policy changes.""", "Government Scandal Exposed" 
Shocked,"""Reading about a major car accident that happened recently and feeling deeply saddened for the victims. It�s shocking to see how quickly life can change and how unexpected these events can be.""", "Tragic Car Accident: Latest Updates" 
Shocked,"""Reading about a violent protest that took place recently and feeling horrified by the level of destruction. Trying to understand the reasons behind it, but it�s hard to comprehend why things escalated to this extent.""", "Violent Protest Shocks the Nation" 
Shocked,"""Reading about a major corporation's scandal that has come to light, revealing years of hidden misconduct. Feeling shocked by the scale of deceit, and wondering about the implications for the industry.""", "Corporate Scandal Rocks Industry" 
Shocked,"""Reading about a data breach that affected millions. Shocked by the extent of personal information leaked and thinking about the consequences for those involved. Checking to see if there are any steps I should take to protect my accounts.""", "Massive Data Breach: What You Need to Know" 
Shocked,"""Read a news article about a controversial verdict in a high-profile case. Shocked by the outcome, following up on social media to see reactions and trying to understand both sides of the story.""", "Controversial Court Decision" 
Shocked,"""Stunned by a documentary I just watched about climate change impacts. The severity of the situation is shocking, and I�m reading follow-up articles to better understand the long-term effects.""", "The Climate Crisis: A Sobering Reality" 
Shocked,"""Reading an article on a rare disease outbreak, surprised by how quickly it spread and the serious impact it�s having globally. Following updates on new measures being taken and what it means for public health.""", "Outbreak Raises Global Health Concerns" 
Sad,"""Reading through self-help articles and looking for ways to cope with feelings of sadness and loneliness. I�m searching for advice on handling emotions, reading about stories of people who overcame difficult times, and finding comfort in knowing that there are ways to manage these feelings, even though it feels overwhelming right now.""", "Finding Hope During Sad Days" 
Sad,"""Reading about signs of burnout and looking for articles on how to deal with the overwhelming feeling of being drained and exhausted. Exploring different perspectives on why people feel this way, especially during tough times, and trying to understand what others have done to help themselves find peace or at least cope better.""", "How to Recognize Burnout" 
Sad,"""Reading about how to cope with loneliness, especially on difficult days. I�m going through different articles, looking for practical advice on how to handle these feelings and make positive changes even when things feel bleak.""", "Coping with Loneliness" 
Sad,"""Reading stories of people who struggled through difficult times but managed to come out stronger. I'm trying to find some reassurance and hope, understanding how others coped with hardships, and looking for quotes that resonate with what I�m feeling. It�s comforting to see that others have felt this way and eventually healed.""", "Healing Through Hard Times" 
Sad,"""Reading articles about grief and loss, trying to understand and process emotions. Looking for books and resources that others have found helpful in dealing with these difficult feelings, and finding a bit of solace in knowing that these feelings are shared by many.""", "Dealing with Grief: A Guide" 
Sad,"""Searching for advice on how to handle moments when it feels like nothing is going right. Looking for books or articles that offer hope and practical steps for those tough times, and finding comfort in knowing others have faced similar struggles.""", "Overcoming Difficult Times" 
Sad,"""Reading about managing life changes, looking for advice on how to cope with sudden shifts in life circumstances. Trying to understand how to find stability and adjust when things feel uncertain, and hoping for a way to feel more grounded during this time.""", "How to Cope with Big Life Changes" 
Sad,"""Looking for comforting stories about people who overcame difficult times. Trying to remind myself that things do get better, even if it doesn�t feel that way now. It�s reassuring to read about others who have been where I am and found a way through.""", "Finding Hope in Others' Stories" 
Sad,"""Browsing self-help articles on understanding feelings of sadness and figuring out what triggers them. Looking for books or resources that might offer deeper insights into managing difficult emotions and bringing back a sense of calm.""", "Understanding Sadness: Resources" 
Sad,"""Exploring articles on coping with loneliness, especially during challenging times. Looking for ideas on how to build connections and feel less isolated, hoping to find a few small actions to improve things gradually.""", "Dealing with Loneliness in Tough Times" 
Sad,"""Looking for advice on how to lift low mood during rainy days when everything feels a bit gloomy. Reading about small habits that might help, like spending time near bright lighting and listening to uplifting music.""", "How to Improve Mood on Rainy Days" 
Sad,"""Exploring resources for coping with stress from everyday pressures. Looking for simple ways to relieve stress and make things feel more manageable, even if it�s just small changes.""", "Managing Everyday Stress" 
Sad,"""Exploring self-care tips that might help with emotional exhaustion. Reading articles about simple habits that can improve mental well-being, hoping to find small steps that can make a difference during hard times.""", "Self-Care Practices for Low Days" 
Sad,"""Browsing articles on dealing with feelings of regret. Trying to find ways to make peace with past decisions and read stories of people who found a way to move forward, hoping for a bit of perspective.""", "Letting Go of Regrets" 
Sad,"""Looking into grief counseling resources, trying to find ways to process recent losses. Hoping to understand more about the stages of grief and find supportive outlets that can help.""", "Finding Help Through Grief Counseling" 
Sad,"""Reading stories of people who found ways to rebuild after major setbacks, hoping to find some inspiration for dealing with personal challenges. Finding comfort in stories of resilience.""", "Stories of Resilience Through Adversity" 
Sad,"""I don�t know why, but I feel so sad. My chest feels heavy, and there�s a lump in my throat. I can�t stop thinking about all the things that could have been.""", A Heavy Heart 
Sad,"""I�ve been crying, but I don�t even know why. It feels like all the sadness has built up inside me, and I just need to let it out.""", Crying for No Reason 
Sad,"""I feel so empty inside. Like I�m invisible and no one notices. The sadness is overwhelming, and I don�t know how to make it stop.""", Lost and Alone 
Sad,"""I feel empty inside, like there�s a void I can�t fill. Everything feels dull, and I can�t find anything that makes me happy.""", Struggling to Find Joy 
Sad,"""I just want to cry, but I can�t. There�s this sadness that I can�t explain, and I don�t know how to make it stop.""", A Deep Sadness 
Sad,"""Everything seems pointless today. I�m tired of pretending to be okay when I�m not.""", Empty and Exhausted 
Sad,"""I can�t help but feel alone today. Even surrounded by people, I feel like I�m in a crowd of strangers.""", Lost in the Crowd 
Sad,"""It�s hard to see the point of anything today. Everything just feels heavy, and I don�t have the strength to carry it.""", Weight of the World 
Sad,"""The sadness is suffocating. It�s hard to breathe, hard to think, hard to do anything.""", Drowning in Sadness 
Sad,"""My heart feels broken, but I don�t know why. It�s a quiet ache that never seems to go away.""", Constant Heartache 
Sad,"""Today feels like the worst day. Everything I do feels wrong, and I can�t shake the sadness that�s hanging over me.""", A Day of Tears 
Sad,"""I feel like I�m sinking deeper today. Everything I try just makes me feel worse.""", Falling Deeper 
Sad,"""I just want to be left alone today. Everything is too much, and I can�t handle it.""", A Day to Myself 
Sad,"""I feel like I�m carrying the weight of the world on my shoulders. The sadness is so heavy, I can barely stand.""", Burden of the Heart 
Sad,"""Nothing feels right today. I can�t seem to find a reason to smile, and the sadness just lingers in my chest.""", Endless Grief 
Sad,"""Today, everything feels like a struggle. My mind is full of sadness, and no matter what I do, I can�t shake it off.""", Struggling to Cope 
Sad,"""The world feels distant today. I feel like I�m disconnected from everything, and all I can feel is a deep sense of sorrow.""", Fading Away 
Sad,"""I�ve been carrying this sadness with me for days now. It�s like it�s part of me, and I can�t escape it.""", Trapped in My Tears 
Sad,"""Today is one of those days where nothing seems to make sense. Everything feels off, and all I want is for the sadness to stop.""", Unending Heartache 
Sad,"""It feels like the sadness has settled into my bones. No matter how hard I try, it doesn�t go away.""", Heavy Heart 
Sad,"""I wish I could say something to make it better, but the sadness just overwhelms me and leaves me speechless.""", Lost in the Darkness 
Sad,"""It�s like there�s a fog surrounding me, and all I can feel is the sadness that refuses to lift.""", Sinking Slowly 
Sad,"""The sadness has taken over, and I can�t find a way to break free. It feels like it�s becoming a part of who I am.""", Consumed by Grief 
Sad,"""I just can�t shake this feeling of sadness. It lingers in the background, no matter how hard I try.""", Lingering Sadness 
Sad,"""Everything seems harder than it should be, and I can�t remember the last time I genuinely smiled.""", Struggling to Smile 
Sad,"""The tears won�t stop, and it feels like the sadness is all-consuming.""", Overcome with Tears 
Sad,"""I keep pretending I�m fine, but inside, I�m falling apart, and it hurts so much.""", Pretending to Be Okay 
Sad,"""There�s a weight on my heart that I can�t get rid of. It feels like a never-ending sorrow.""", Heavy Heart 
Sad,"""I look at the world around me, and all I see is emptiness. Nothing feels worth it anymore.""", Empty World 
Sad,"""I�m so tired of feeling this way, like there�s a cloud hanging over me that won�t go away.""", Cloud of Sadness 
Sad,"""It�s like I�m living in slow motion while everyone else is moving forward. I can�t keep up.""", Stuck in Slow Motion 
Sad,"""I�m exhausted from trying so hard, but nothing seems to change. The sadness won�t leave.""", Exhausted by Sorrow 
Sad,"""My thoughts are constantly negative, and I can�t find a way to lift myself out of this sadness.""", Lost in Negative Thoughts 
Sad,"""The weight of the world feels unbearable, and every day seems like a struggle I can�t win.""", Unbearable Weight 
Sad,"""I just feel so alone right now, even though I know people are around. My heart feels distant from them.""", Lonely in the Crowd 
Sad,"""I try to smile, but it�s hard to when everything feels wrong. I can�t remember the last time I was truly happy.""", Fake Smile 
Sad,"""The sadness is swallowing me whole. I don�t know how much longer I can go on like this.""", Swallowed by Sadness 
Sad,"""Even the little things that used to bring me joy no longer matter. I feel disconnected from everything.""", Disconnected from Joy 
Sad,"""I feel like I�m stuck in a dark hole with no way out, and every attempt to climb feels futile.""", Trapped in Darkness 
Sad,"""I try to find hope, but it seems so distant. The sadness is overwhelming, and I can�t escape it.""", Distant Hope 
Sad,"""The silence is deafening. I wish there was something to fill the emptiness I feel inside.""", Silence of Sadness 
Sad,"""It feels like the weight of every mistake I�ve ever made is crushing me, and I can�t breathe.""", Crushing Regret 
Sad,"""I try to sleep, but the sadness keeps me awake. It�s like a constant companion I can�t escape.""", Insomniac Sadness 
Sad,"""I feel like I�ve lost something important, and it�s hard to even get out of bed today.""", Sense of Loss 
Sad,"""It�s hard to see the point in anything right now. Everything feels colorless and dull.""", Clouded by Sadness 
Sad,"""It feels like the weight of the world is pressing down on me. I can�t seem to find any relief.""", Heavy Heart 
Sad,"""I can�t stop crying. It feels like everything has fallen apart, and I don�t know how to fix it.""", Tears of Despair 
Sad,"""The sadness weighs heavy on my heart. I just want to be left alone with my thoughts.""", Heart Heavy with Sadness 
Sad,"""The emptiness inside me is growing. It�s hard to shake the sadness that has settled in.""", Growing Emptiness 
Neutral,"""Browsing updates on technology trends out of curiosity, reading about the latest developments in artificial intelligence, and checking out articles that break down what AI might mean for different industries. It�s fascinating but mostly just staying informed about general advancements and new tools that could be useful in daily life.""", "AI Trends in 2024: What�s New?" 
Neutral,"""Catching up on health and fitness trends, reading about various workout routines and dietary approaches that are popular right now. Interested in seeing if there are any new tips I could incorporate into my day-to-day, but mostly just browsing to stay informed on what�s out there.""", "Top Fitness Trends of the Year" 
Neutral,"""Researching new software tools that can streamline everyday tasks. I�m mostly interested in finding out what people are saying about the latest updates in technology that could help improve productivity in simple, straightforward ways.""", "Best Apps for Productivity in 2024" 
Neutral,"""Looking through reviews for the latest phones, comparing specs and reading up on which features are genuinely useful. Mostly just curious about the new technology and thinking about when I�ll need an upgrade, but not in a rush to buy anything right now.""", "Best Smartphones of 2024" 
Neutral,"""Browsing general wellness articles, reading about easy routines to stay healthy and balanced without drastic changes. I�m interested in small things I can do daily that don�t take much effort but can improve my overall well-being in a practical way.""", "Everyday Wellness Tips" 
Neutral,"""Reading general reviews on popular streaming shows and movies, looking for something to watch this weekend. It�s nice to just unwind and check out what people are recommending.""", "Top Shows to Stream This Weekend" 
Neutral,"""Browsing new recipes to try over the weekend, looking for something simple but flavorful. Reading about cooking tips and easy substitutes I can use if I�m missing an ingredient. Just casual browsing to find inspiration for the next few days' meals.""", "Simple and Tasty Recipes for Beginners" 
Neutral,"""Checking out reviews on the latest fitness trackers. I�m interested in tracking my daily steps and heart rate, so reading about different models and their features to see which one might be the best fit for me.""", "Which Fitness Tracker is Right for You?" 
Neutral,"""Browsing health articles about easy workout routines for busy people. Looking for ways to get a bit more active without a huge time commitment, especially exercises that can be done at home.""", "Quick and Easy At-Home Workouts" 
Neutral,"""Looking up book reviews for the latest novels to see if there�s anything interesting to read. Interested in finding something lighthearted and enjoyable to unwind with.""", "Top New Novels This Month" 
Neutral,"""Checking out news on the latest technology advancements, particularly curious about new devices and AI trends. Reading about how AI is transforming industries and what�s on the horizon for the tech world.""", "Latest Tech Innovations of 2024" 
Neutral,"""Browsing lists of the best podcasts to find something interesting to listen to while commuting. Looking for recommendations in different genres to see what might keep me engaged on the road.""", "Top Podcasts of 2024" 
Neutral,"""Browsing articles on the basics of gardening. Interested in learning how to grow a few vegetables but not sure where to start. Reading up on what to plant and how to take care of a small home garden.""", "Getting Started with Gardening" 
Neutral,"""Checking out popular audiobooks to listen to while commuting. Interested in finding something engaging and lighthearted, browsing through various genres and reviews to decide which one to start.""", "Top Audiobooks for Commuters" 
Neutral,"""Reading up on general investment strategies, trying to understand basic terms and approaches. Just interested in learning more, not making any decisions yet, but exploring what it takes to invest wisely.""", "Investment Basics for Beginners" 
Neutral,"""Today has been just like any other day. Nothing too exciting or too bad happened. I went through the motions, and now it�s just another ordinary day.""", A Normal Day 
Neutral,"""I feel balanced today. There�s nothing extreme going on, just a sense of calm. It�s a peaceful, quiet day.""", Calm and Collected 
Neutral,"""Everything feels kind of dull. I�m not happy or sad; I�m just here. There�s nothing really to look forward to or dread, just neutral.""", Just Existing 
Neutral,"""Today was just another day. Nothing bad, nothing great�just getting through the motions and waiting for it to end.""", Another Average Day 
Neutral,"""I don�t feel particularly happy or sad. I�m just here, passing the time without much thought.""", Neutral Ground 
Neutral,"""It�s just another day with nothing too exciting or too upsetting. Everything feels balanced, but almost too much so.""", A Calm Day 
Neutral,"""I don�t have strong feelings about anything right now. Life is quiet, and that�s just how I like it.""", Quiet and Simple 
Neutral,"""There�s nothing really remarkable about today. It�s just a normal day, moving along without any major events.""", Just Another Day 
Neutral,"""The day is blending into the next. I�m not really feeling anything strong, just getting through it.""", Going Through the Motions 
Neutral,"""I�m not feeling much today, just living through the moments. It�s like everything around me is moving in slow motion.""", Drifting Through Life 
Neutral,"""There�s a quiet peace in the air today. Nothing to make me smile, but also nothing to make me upset.""", Stillness in the Air 
Neutral,"""The day has been calm and predictable. I haven�t had any ups or downs�just a steady, ordinary pace.""", Peaceful Normality 
Neutral,"""I don�t know what to make of today. It�s just one of those days where nothing sticks out, but nothing goes wrong either.""", Blending In 
Neutral,"""Today has been just like any other day. Nothing significant happened, and I�m feeling rather indifferent about it.""", Just Another Day 
Neutral,"""I�m neither happy nor sad. Today is just a day like all the others, without any strong feelings attached to it.""", Steady as It Goes 
Neutral,"""There�s nothing special about today. It�s just one of those ordinary, uneventful days that pass by unnoticed.""", Another Ordinary Day 
Neutral,"""Everything feels calm, almost too calm. No highs or lows, just a steady rhythm to the day.""", Balanced and Quiet 
Neutral,"""I�ve had days full of excitement, and I�ve had days of disappointment, but today is a middle ground between the two.""", Neither Here nor There 
Neutral,"""Today feels like it�s floating in a grey area. There�s no strong emotion in me, just a calm and steady pace.""", Mild and Unremarkable 
Neutral,"""I�m not in the best mood, but I�m also not in the worst mood. It�s just an average day where nothing stands out.""", Simply Neutral 
Neutral,"""It�s one of those days where everything seems fine, but nothing particularly exciting or upsetting happens.""", Calm Before the Storm 
Neutral,"""No highs, no lows�just an ordinary, run-of-the-mill day with nothing to report.""", The Calm Amongst the Chaos 
Neutral,"""Today feels like a pause. No emotions to stir me, just a day where I can take a breath and move on.""", Moment of Rest 
Neutral,"""The day has been quiet and calm. There�s nothing to complain about, but nothing particularly exciting either.""", A Calm Day 
Neutral,"""I feel indifferent today. Not overly happy, not overly sad�just existing, moving through the motions.""", Going Through the Day 
Neutral,"""Today feels ordinary, like any other day. There�s nothing remarkable about it, just another day to get through.""", A Routine Day 
Neutral,"""I�m not feeling anything too strong today. Just taking things one step at a time, no highs or lows.""", Neutral Zone 
Neutral,"""Everything is fine, but nothing is exciting. It�s just a quiet, neutral day with no major ups or downs.""", Just Fine 
Neutral,"""The world feels stable today. There�s no chaos, no surprises, just a steady pace and calm thoughts.""", Calm and Steady 
Neutral,"""I�m in a mellow mood. It�s not a bad day, but it�s not a great day either. Just another average day.""", A Simple Existence 
Neutral,"""There�s no particular reason to feel either happy or sad today. It�s just a day, and that�s all.""", No Expectations 
Neutral,"""Things are fine, but I�m not feeling much either way. It�s just another day with no standout emotions.""", Ordinary Calm 
Neutral,"""Today is neither bad nor good. It�s just neutral, with nothing pulling me in either direction.""", In Between 
Neutral,"""It�s one of those days where everything is just okay. I�m not too happy or sad, just getting through the day.""", A Mediocre Day 
Neutral,"""Today has been quiet. Nothing exciting, nothing terrible, just another ordinary day.""", Calm and Quiet 
Neutral,"""I�m not feeling particularly good or bad. It�s like I�m just here, existing without any major changes.""", Just Passing Time 
Neutral,"""The day has been uneventful. I�m neither elated nor upset, just moving from task to task.""", In Between 
Neutral,"""Everything is neutral today. It�s one of those days where you just go through the motions.""", Ordinary Routine 
Neutral,"""There�s no strong emotion today. Just another day with a regular pace and no surprises.""", Steady Flow 
Neutral,"""I�m not feeling anything intense today. Just doing my usual activities without any highs or lows.""", A Regular Day 
Neutral,"""It�s been a calm day. There are no major changes, just a quiet sense of neutrality all around.""", Neutral Calmness 
Neutral,"""I�m not excited or upset. Just living through the day with no particular emotion weighing on me.""", A Simple Existence 
Neutral,"""Today is neither good nor bad. It�s just another typical day where nothing stands out.""", Just Another Day 
Neutral,"""I�m just going through the motions today. Nothing feels particularly good or bad.""", Going Through the Motions 
Neutral,"""It�s a normal day, no highs or lows, just another routine.""", Routine Day 
Neutral,"""I�m not happy, but I�m not upset either. It�s just one of those neutral moments.""", In Between 
Neutral,"""Everything is calm, and there�s a quiet balance to the day. Nothing seems out of place.""", Quiet Balance 
Neutral,"""I don�t have any strong feelings about anything right now. I�m just kind of here.""", Just Here 
Neutral,"""The day is unfolding like any other, no surprises or disappointments.""", Another Ordinary Day 
Neutral,"""I�m neither sad nor happy. I�m somewhere in the middle, just observing things around me.""", Observing Life 
Neutral,"""I�m not sure how I feel about everything right now. It�s just all kind of neutral.""", Indifferent Feeling 
Neutral,"""The atmosphere feels neither tense nor relaxed. It�s just the usual, no emotions either way.""", Neither Here nor There 
Neutral,"""Today is neither good nor bad; it�s simply existing, with no extremes of any kind.""", Plain Existence 
Neutral,"""It�s a regular day. No surprises, no disruptions. Everything is steady and predictable.""", Steady and Predictable 
Neutral,"""I�ve got no strong opinions today. Everything is just... fine, I guess.""", Indifferent Day 
Neutral,"""I�m not feeling anything particularly strong at the moment�just a calm, steady mindset.""", Calm Mindset 
Neutral,"""I don�t feel anything intensely today. Things are just happening without any particular impact on me.""", Nonchalant Observations 
Neutral,"""The world is moving around me, but I�m neither happy nor upset by it. I�m just here.""", Unmoved by the World 
Neutral,"""There�s no reason to be excited, but there�s also no reason to be disappointed.""", Unremarkable Day 
Neutral,"""Everything is just in balance today, no need to react to anything in particular.""", Balanced Perspective 
Neutral,"""I�m not particularly excited about anything, nor am I down about anything. It�s a peaceful kind of neutral.""", Peaceful Neutrality 
Neutral,"""It�s just another day, and I�m not feeling strongly about any of it. Everything feels level.""", Level-headed Day 
Neutral,"""I�m not feeling up or down, just somewhere in the middle�neither too much nor too little.""", Somewhere in the Middle 
Neutral,"""It�s a regular day. No surprises, no disruptions. Everything is steady and predictable.""", Another Ordinary Day 
Neutral,"""I don�t have any strong feelings about anything right now. I�m just kind of here.""", Just Here 
Neutral,"""I�m neither happy nor sad. Just going through the day, as usual.""", Just Another Day 
Neutral,"""Today is just like any other. Nothing stands out, nothing really matters.""", Nothing Extraordinary 
Neutral,"""I�m neither happy nor sad, just existing in this moment without much thought.""", Existing in the Moment 
Neutral,"""There�s nothing special about today. Just another routine, another ordinary day.""", Routine Life 
Neutral,"""Everything seems calm today. There�s no excitement, but there�s no sadness either.""", Calm and Collected 
Neutral,"""I�m just coasting through today with no highs or lows. Everything is just fine.""", Floating Through 
Neutral,"""It�s just another day. Nothing really exciting, but nothing bad either.""", Another Routine Day 
Neutral,"""I�m not feeling particularly happy or sad. Everything just feels in the middle today.""", Stuck in the Middle 
Manic,"""Feeling incredibly motivated and inspired to start something new. Reading blogs on entrepreneurship and researching innovative business ideas. I�m jumping between articles on productivity hacks, early-stage financing, and stories of successful founders who built something from scratch, making me feel that I could start my own venture immediately.""", "How to Start a Successful Business" 
Manic,"""I�m brimming with excitement and diving deep into plans for multiple projects at once. I�m reading about productivity and project management, looking up tools that could help me stay organized, and creating lists of new ideas as they pop up. I�m convinced that I can tackle it all at once, and it feels amazing.""", "Best Productivity Tools for Entrepreneurs" 
Manic,"""Reading articles on ways to maximize productivity and set higher goals. I�m feeling like I have endless energy and want to take on as much as I can. I�m jumping between tips for entrepreneurs and planning new ventures. Everything feels achievable, and I can�t wait to get started on something big!""", "Top 10 Productivity Hacks" 
Manic,"""Feeling pumped up and researching ways to completely transform my career. I�m reading success stories of people who made huge changes and achieved their dreams, and now I�m creating a list of goals I want to accomplish within the next few months. Everything feels possible right now!""", "How to Successfully Change Careers" 
Manic,"""Full of ideas and reading about starting multiple side projects, from launching a blog to creating an online store. Feeling like I can take on everything at once and looking up all the resources needed, from branding tips to building an audience. Planning out so many steps, and it all feels possible.""", "Guide to Starting Your Own Side Business" 
Manic,"""Feeling incredibly energized and looking into courses for learning multiple new skills at once. I�m reading about everything from coding to photography and making plans to enroll in several classes. Everything feels exciting, and I�m ready to take on anything.""", "Learn New Skills Online: Top Courses" 
Manic,"""Overwhelmed with ideas and reading about productivity systems for maximizing every hour of the day. I�m determined to reach every goal I set, jumping between articles on time-blocking and habit tracking, convinced I can do it all at once.""", "Advanced Productivity Strategies" 
Manic,"""Reading articles on life hacks for optimizing every part of the day. I�m brimming with energy, planning out routines for getting the most done and making detailed lists of all the things I want to try and accomplish.""", "The Ultimate Guide to Life Optimization" 
Manic,"""Feeling excited about a business idea and researching how to launch it from scratch. Reading success stories and feeling confident that I can turn my vision into a reality, even with limited resources.""", "How to Start a Business on a Budget" 
Manic,"""Exploring multiple DIY projects, feeling like I can tackle them all. Reading about home renovations, furniture builds, and d�cor changes that I could start right away. Jumping from one idea to another, excited by all the possibilities!""", "DIY Home Projects to Transform Any Space" 
Manic,"""Feeling highly inspired and researching how to start a YouTube channel. Reading about content ideas, video editing, and audience engagement strategies. Convinced this could be my next big project and excited to dive in!""", "Beginner�s Guide to Starting a YouTube Channel" 
Manic,"""Feeling unstoppable and reading about how to launch an app, exploring everything from design to marketing. Imagining how this could be a huge success and diving into resources to get it done as quickly as possible.""", "How to Build and Market an App" 
Manic,"""I feel like I'm on fire today! Everything is moving so fast, and my mind is racing. I can't sit still. Ideas are coming so quickly, and I can't stop talking.""", Overwhelming Energy 
Manic,"""I�ve got so many plans, I don�t know where to start! I feel like I could do anything, like nothing can stop me. I just want to keep moving, keep doing.""", Unstoppable Drive 
Manic,"""My brain is moving at lightning speed. I have so many ideas, it�s hard to focus on just one. I feel like I'm invincible, nothing can hold me back.""", Racing Thoughts 
Manic,"""I can�t sit still today. My thoughts are all over the place, and I feel like I need to do everything all at once!""", Unstoppable Energy 
Manic,"""I�ve got so many ideas swirling around in my head. I want to start 10 projects at once, and I don�t know where to begin!""", Racing Mind 
Manic,"""Everything is happening so fast, and I can�t keep up. My energy is overflowing, and I feel like I�m invincible.""", Out of Control 
Manic,"""It�s like a whirlwind inside me today. I�m full of energy, and I can�t stop moving or talking. I�m unstoppable!""", High-Speed Life 
Manic,"""I feel like I�m on top of the world, and nothing can touch me. My mind is racing with ideas, and I feel limitless.""", Beyond the Limits 
Manic,"""I�ve never felt more alive. Every second feels like an opportunity to accomplish something huge, and I want to seize it all!""", Limitless Potential 
Manic,"""My energy is off the charts today. I can�t stop moving, thinking, or talking. It�s like I�m on fire!""", Uncontainable Force 
Manic,"""My thoughts are scattered, but I can�t stop them. Everything is coming at me so fast, and I�m trying to catch up.""", Thoughts in Overdrive 
Manic,"""I feel like I�m in overdrive today. My mind is racing, and I can�t sit still for a second.""", Full Speed Ahead 
Manic,"""It�s like I�m buzzing with energy. I can�t stop moving, thinking, and planning. I feel like I could do anything!""", Endless Possibilities 
Manic,"""I can't keep still. My mind is racing, and there's an intense energy in me. I feel like I can do anything.""", Racing Thoughts 
Manic,"""I�m doing a million things at once, and it feels amazing. I can�t slow down, and I don�t want to.""", Uncontainable Energy 
Manic,"""I feel like I'm invincible. There's no task too big for me today, and I'm unstoppable.""", Energy Overload 
Manic,"""I�m buzzing with excitement, and everything around me seems to be moving at lightning speed.""", Everything is Hectic 
Manic,"""I can't focus. My thoughts are scattered, and I�m moving from one idea to another, faster than ever.""", Chaotic Mind 
Manic,"""It�s like I have endless energy. I�m talking faster, thinking faster, and everything is happening all at once.""", Everything's Amplified 
Manic,"""I�m riding this wave of adrenaline, and I can�t seem to stop myself. My thoughts are coming faster than I can process.""", Out of Control 
Manic,"""I feel like I�m glowing. My mind is racing with ideas, and I can�t stop moving, creating, doing.""", Overstimulated 
Manic,"""Everything feels like it�s speeding up. I�m laughing, talking, and moving at an unbelievable pace.""", Speeding Through Life 
Manic,"""The world feels like it�s spinning. I�m caught in this whirlwind of ideas, and I can�t slow down.""", Tornado of Thoughts 
Manic,"""I feel like I�m on top of the world right now. There�s so much energy in me, I can�t slow down.""", Invincible Energy 
Manic,"""Everything is moving so fast, and I can�t stop. I�m thinking faster, acting faster, doing everything all at once.""", Frenzied Motion 
Manic,"""I�m unstoppable today. My thoughts are racing, and I feel like I could do anything and everything.""", Uncontrollable Pace 
Manic,"""I�m bouncing from one idea to another. It�s like I can�t focus on just one thing�everything is exciting.""", Exciting Chaos 
Manic,"""My brain is working overtime. I can�t sit still for more than a few minutes before jumping to the next thing.""", Racing Mind 
Manic,"""I�m doing ten things at once. I feel hyper, and it�s hard to control the whirlwind of thoughts in my head.""", Mental Turbulence 
Manic,"""I feel like I could take on the world today. There�s nothing I can�t do, and nothing seems too big for me.""", Fearless Momentum 
Manic,"""I�m talking faster than I ever have. My words are flowing faster than my thoughts, and everything seems possible.""", Unstoppable Flow 
Manic,"""My heart is racing. I feel like I�m living on adrenaline, and I don�t know how to slow down.""", Adrenaline Rush 
Manic,"""I can�t stop moving. I feel an incredible rush of energy, and everything seems to be moving at lightning speed.""", Fast-Paced Mind 
Manic,"""I feel like I�m on a rollercoaster today. Everything is fast, and I can�t seem to slow down.""", Unstoppable Energy 
Manic,"""My mind is racing. I have a million ideas at once, and I can�t seem to focus on just one.""", Mental Whirlwind 
Manic,"""I�m jumping from one project to another, and I can�t stop. It�s like I�m living on adrenaline.""", Adrenaline High 
Manic,"""Every minute feels like an hour today. I�m doing everything at once, and I�m loving it.""", Simultaneous Action 
Manic,"""I can�t stop talking. My thoughts are coming out faster than I can even process them.""", Rapid-Fire Thoughts 
Manic,"""I�m filled with so much energy today that I feel like I can do ten things at once!""", Overflowing Energy 
Manic,"""It�s like my brain is on fast forward. Every thought is zooming by, and I�m trying to keep up.""", Fast-Paced Thinking 
Manic,"""I�m unstoppable today! I�m working on everything all at once and feeling like I can�t be stopped.""", Unstoppable Momentum 
Manic,"""I�ve never felt so awake and full of life. I feel like I�m buzzing with excitement every moment.""", Buzzing with Energy 
Manic,"""I can�t sit still. I feel like I�m moving at a hundred miles an hour, and I can�t control it.""", Restless Energy 
Manic,"""I�m talking a mile a minute. My thoughts are pouring out, and I can�t catch up with them.""", Words on Fire 
Manic,"""I feel like I�m invincible today. I�ve got boundless energy and ideas flooding in from everywhere!""", Invincible Mindset 
Manic,"""I can�t keep still. My mind is racing, and I feel like I have a thousand things to do right now.""", Mental Rush 
Manic,"""Everything around me is moving at lightning speed, and I�m keeping up just fine.""", Lightning Speed 
Manic,"""I feel like I�m on top of the world right now. Nothing seems too big, and I�m doing it all!""", Conquering the World 
Manic,"""I can�t seem to focus on one thing. I�m bouncing from idea to idea, and I can�t stop!""", Idea Overload 
Manic,"""Everything seems urgent, and I feel compelled to get everything done now, right this moment!""", Urgency Overload 
Manic,"""I feel like I�m in a race against time. Everything is speeding up, and I can�t slow down.""", Racing Through Life 
Manic,"""I can�t contain the energy today! It�s spilling out in every direction, and I�m loving it.""", Explosive Energy 
Manic,"""I�m bouncing from one idea to the next at lightning speed. I can�t focus on anything for too long!""", Racing Thoughts 
Manic,"""Everything feels so alive, I can�t stop moving! I�ve got endless energy, and I�m unstoppable!""", Boundless Energy 
Manic,"""I can�t sit still! I�ve got so many ideas, and they�re all coming to me at once.""", Unstoppable Thoughts 
Manic,"""I�m full of ideas, bouncing from one to the next. There�s no stopping me right now!""", Energy Overflow 
Manic,"""I�m racing against time, trying to do everything at once. My mind is working faster than I can keep up.""", Overactive Mind 
Manic,"""I�m thinking so fast, I can�t keep up with myself. Every thought is a new idea, a new plan.""", Overload of Thoughts 
Manic,"""I feel so energetic, like I could run a marathon. Everything is moving so fast, I can't catch up!""", Too Much Energy 
Manic,"""I�m moving so quickly, I can�t keep track of my thoughts. Everything is a blur!""", Thought Overload 
Manic,"""I can�t stop moving! My mind is racing, and I have so many things I need to do.""", Restless Mind 
Manic,"""I�m on fire today! Every idea seems like the best idea, and I can�t stop talking or moving!""", On Fire 
Manic,"""I can�t focus on one thing for long, my mind keeps jumping from one idea to the next!""", Mind Jumping 
Happy,"""Exploring travel blogs about tropical destinations, reading articles on hidden gems, local food, and unique experiences. Feeling excited about planning a trip and imagining the relaxing beaches, the vibrant city tours, and the adventure. Looking up places to visit with my friends for next summer and planning itineraries.""", "Top 10 Tropical Destinations for 2024" 
Happy,"""Looking up recipes and planning a big dinner for friends. I�m going through different food blogs and getting excited about trying new dishes. Reading about meal prep ideas, plating tips, and even cocktails that would go well with the meal. This has me in a really positive mood, thinking about a fun evening with everyone.""", "Best Recipes for Hosting Dinner Parties" 
Happy,"""Looking at motivational stories of people who pursued their dreams and succeeded. Feeling inspired and hopeful, like maybe there�s a way for me to reach my goals too. Reading about their journeys and imagining how I could apply some of their lessons to my own life.""", "Inspiring Success Stories" 
Happy,"""Exploring various DIY home decor ideas, feeling creative and inspired. I�m looking at different design themes, color palettes, and easy-to-do crafts to brighten up my living space. Reading articles on how small changes can transform a room, and planning a weekend project that will bring a fresh look to my home.""", "10 Easy DIY Decor Projects" 
Happy,"""Looking up outdoor activities and adventures, thinking about hiking trails and scenic spots to visit. Reading about the health benefits of outdoor activities and making a mental list of places I�d like to explore, feeling motivated to spend more time in nature.""", "Top Hiking Trails Near You" 
Happy,"""Exploring lifestyle blogs about creating a positive morning routine, reading about how simple habits can set a good tone for the day. It�s making me feel uplifted, and I�m excited to try new ideas to start each day with a bit of joy and calmness.""", "Creating a Happy Morning Routine" 
Happy,"""Exploring articles on planning a small backyard garden, feeling inspired by all the possibilities. Looking at tips for beginners, different types of plants, and easy DIY garden ideas. Imagining how nice it will be to have a little green space of my own, filled with colorful flowers and maybe even some fresh herbs and vegetables.""", "Beginner's Guide to Starting a Garden" 
Happy,"""Exploring different art forms, reading about how creative hobbies like painting or drawing can bring joy and relaxation. Thinking about trying out some painting myself, as a way to express myself and unwind.""", "Creative Hobbies to Boost Happiness" 
Happy,"""Reading about feel-good activities, like volunteering and spending time with animals. Feeling uplifted by the idea of helping others and making a positive impact, even if it�s something small. Looking for local organizations where I could get involved.""", "Ways to Boost Your Mood Through Kindness" 
Happy,"""Looking up different kinds of exercise classes that I could try for fun. Reading about dance classes, yoga, and Pilates, imagining how enjoyable it could be to make fitness a more joyful part of my routine.""", "Fun Fitness Classes to Try" 
Happy,"""Researching new restaurants and cafes in town, excited to explore and try new foods. Reading reviews and making a list of places that sound interesting, looking forward to enjoying a fun outing with friends.""", "Top Places to Eat in Your City" 
Happy,"""Browsing travel blogs about hidden gems around the world. Daydreaming about exotic places and making a mental list of places I�d love to visit someday.""", "Must-Visit Hidden Travel Spots" 
Happy,"""Reading up on local art fairs and exhibits. Looking for a fun weekend activity to enjoy with friends, and feeling excited to discover new artists and vibrant artwork in the community. Planning to check out a couple of events for a refreshing change of pace.""", "Upcoming Art Events Near You" 
Happy,"""Looking up places to go hiking nearby, feeling motivated to spend some time outdoors. Reading about scenic trails and nature spots, thinking of inviting friends along for a day of exploring and fresh air.""", "Top Hiking Trails to Try This Season" 
Happy,"""Researching weekend getaways in nearby towns, looking for unique places to visit and relax. Reading reviews of quaint B&Bs, feeling excited about the idea of a spontaneous trip to recharge.""", "Best Weekend Getaways Near You" 
Happy,"""Checking out recipes for healthy desserts, thinking of baking something fun this weekend. Reading up on substitutions for lower sugar options and feeling excited to try something new in the kitchen.""", "Healthy Dessert Recipes to Try" 
Happy,"""Today, everything seems perfect. The sun is shining, the birds are singing, and I can't stop smiling. Everything feels right, and I'm so grateful for the little things.""", A Bright Day 
Happy,"""I can't contain my excitement! Everything is going my way today. I'm confident, I'm smiling, and I just feel unstoppable.""", Feeling on Top of the World 
Happy,"""I can't stop laughing. Everything is just perfect today. I feel so happy, and it's as if the world is a better place.""", A Moment of Pure Joy 
Happy,"""Today is one of those days where everything seems right. I feel happy for no reason at all, and I can�t stop smiling.""", Unstoppable Joy 
Happy,"""I�m feeling like I�m on top of the world! Everything is falling into place, and I�m loving every moment of it.""", A Perfect Day 
Happy,"""The happiness I feel today is contagious. Everywhere I look, I see beauty, and I can�t stop laughing and enjoying life.""", Infectious Laughter 
Happy,"""It�s like I�m floating on air today. Every little thing is making me happy, and I feel like nothing can bring me down.""", Pure Bliss 
Happy,"""I�m so grateful for everything in my life right now. The joy I feel is like a warm hug, and it�s making everything seem brighter.""", Feeling Blessed 
Happy,"""The world just feels so bright today. I can�t stop smiling, and it feels like everything is working out perfectly.""", A Day of Happiness 
Happy,"""I woke up today with a sense of purpose and excitement. Everything seems possible, and I�m excited for the future.""", A Fresh Start 
Happy,"""There�s a lightness in my heart that I can�t explain. Today is just a great day, and everything feels right.""", Floating on Air 
Happy,"""I�m bursting with joy today. It�s like the whole world is cheering me on, and I feel unstoppable.""", Everything Feels Right 
Happy,"""Today, I feel like I can conquer anything. My energy is through the roof, and I�m in the best mood I�ve been in for a long time.""", On Top of the World 
Happy,"""Today is perfect. I�m surrounded by friends, and everything just feels right. There�s so much joy in the air.""", Perfect Day 
Happy,"""I woke up feeling full of energy. It�s one of those days where everything just seems to fall into place.""", A Burst of Joy 
Happy,"""I can�t stop smiling. Everything is aligning, and I�m filled with this overwhelming sense of happiness.""", Joyful Anticipation 
Happy,"""The world seems brighter today. Everything feels lighter, and I can�t help but feel grateful.""", Grateful Heart 
Happy,"""The best part of today was sharing laughter with people I care about. I feel content and fulfilled.""", Heartwarming Moment 
Happy,"""I�m so grateful for everything today. The simple things are bringing me so much happiness.""", Little Moments of Bliss 
Happy,"""There�s so much love around me. It�s one of those days where you can�t help but feel optimistic.""", Love and Light 
Happy,"""The excitement is palpable. Today holds endless possibilities, and I can�t wait to see what happens next.""", Endless Possibilities 
Happy,"""I feel on top of the world. Everything is falling into place, and I�m embracing all the positivity.""", Embracing Happiness 
Happy,"""Today, everything is working out just as I imagined. The joy I feel is contagious.""", Unstoppable Joy 
Happy,"""I�m filled with a sense of freedom today. Nothing seems impossible, and I�m embracing every moment.""", Freedom to Dream 
Happy,"""It feels like the world is my oyster today. I can do anything I set my mind to, and I�m loving it.""", Limitless Possibilities 
Happy,"""Every little moment today feels magical. From the sun shining to the laughs shared with friends.""", Magical Moments 
Happy,"""There�s a spark of excitement everywhere. I can�t help but feel thrilled by the simplest things.""", Joyful Energy 
Happy,"""Everything is falling into place. I feel like I�m exactly where I�m supposed to be."""," Right Place, Right Time "
Happy,"""I feel so alive today. Every experience is brighter, and I�m full of energy.""", Alive with Possibility 
Happy,"""The happiness I feel today is overflowing. I�m so grateful for everything in my life right now.""", Overflowing Happiness 
Happy,"""Today is a reminder of how beautiful life can be. I�m feeling incredibly lucky and optimistic.""", Feeling Lucky 
Happy,"""It�s like the universe is smiling at me today. Everything is in perfect harmony.""", Perfect Harmony 
Happy,"""I can�t stop smiling. The world feels like a wonderful place today, and I can�t get enough of it.""", Unstoppable Smile 
Happy,"""Everything is falling into place, and I feel like I�m in the best chapter of my life.""", Perfect Moment 
Happy,"""There�s a lightness in my heart today. I can�t help but smile at everything around me.""", Lighthearted Joy 
Happy,"""Today is the best day ever. I�m surrounded by love and positivity, and I�m soaking it all in.""", The Best Day 
Happy,"""The world feels like it�s full of possibilities. Every step I take today feels like a new adventure.""", Unlimited Possibilities 
Happy,"""Laughter fills the air, and every little moment feels brighter. Today is full of happiness.""", Bright and Happy 
Happy,"""I�m feeling on top of the world. Everything just seems to be going right.""", On Top of the World 
Happy,"""It�s one of those days where everything just clicks. Life is good, and I�m grateful for it.""", Perfect Harmony 
Happy,"""I feel energized and unstoppable today. The universe is aligning, and I�m living my best life.""", Living My Best Life 
Happy,"""Today, I feel so loved and supported by those around me. It�s like the world is cheering me on.""", Surrounded by Love 
Happy,"""There�s a spark in my step today. Everything feels more colorful, and I�m filled with joy.""", Colorful Joy 
Happy,"""I�m in a state of bliss today, embracing all the little things that bring me happiness.""", State of Bliss 
Happy,"""I woke up with a smile on my face, and it hasn�t left all day. Everything feels wonderful.""", Smile All Day 
Happy,"""I�m surrounded by friends, laughter, and positivity. It�s impossible not to feel great.""", Surrounded by Positivity 
Happy,"""There�s an undeniable joy in my heart today. I feel connected to everything around me.""", Joyful Connection 
Happy,"""I�ve never felt more in tune with myself. Today feels like a celebration of life.""", Life Celebration 
Happy,"""I�m dancing through the day with a huge smile on my face. Nothing can bring me down today.""", Dancing Through Life 
Happy,"""Every little moment today feels like a gift. I�m grateful for the people and the moments around me.""", Grateful Happiness 
Happy,"""The world seems a little brighter today, and everything feels possible. I�m optimistic about everything.""", Optimistic Outlook 
Happy,"""Today is filled with laughter, love, and good vibes. Life is so beautiful right now.""", Good Vibes Only 
Happy,"""My heart is light, and my spirit is soaring. I feel like I can conquer anything today.""", Soaring Spirit 
Happy,"""I�ve never felt this good. The world seems so bright, and I can�t stop smiling.""", Pure Joy 
Happy,"""I can�t stop laughing! Everything feels so light and carefree right now.""", Laughter in the Air 
Happy,"""Everything is going so well today, I feel like I could conquer the world!""", Ready to Conquer 
Happy,"""The sun is shining, and everything just feels perfect. I can't stop smiling!""", Radiating Happiness 
Happy,"""Everything is going my way today. I feel unstoppable, like I�m on top of the world!""", Unstoppable Happiness 
Happy,"""I just got some good news, and now I can�t stop smiling. Life feels so good right now.""", Good News Galore 
Happy,"""Everything seems brighter today. I�m grateful for the little things that make life beautiful.""", Grateful and Happy 
Happy,"""I�m enjoying every moment of today. The little joys keep piling up, and I�m just soaking it all in.""", Joyful Living 
Happy,"""I�m surrounded by people I care about, and it feels like nothing can go wrong. I�m so happy right now.""", Surrounded by Happiness 
Happy,"""Everything feels so right today. It�s one of those days where everything just works out.""", Everything's Perfect 
Happy,"""I can�t help but smile. Everything seems to be falling into place perfectly right now.""", Things Falling into Place 
Fear,"""Researching home security systems and looking up statistics on neighborhood crime rates. I'm looking for tips on keeping the home secure at night, reading about ways to feel safer when I'm alone, and considering investing in security cameras to reduce anxiety about potential risks. Exploring the best-rated systems on different sites.""", "Essential Home Security Tips" 
Fear,"""I�ve been feeling a bit uneasy, so I�m reading up on ways to handle sudden fear and anxiety. Looking for techniques to calm down quickly, like breathing exercises, and finding articles on what causes fear in unexpected situations. I�m hoping that knowing more will help me feel prepared and less anxious about the unknown.""", "Overcoming Unexpected Anxiety" 
Fear,"""Learning about ways to handle fear, especially the feeling of being overwhelmed by uncertainty. Looking for strategies to manage anxiety and reading about grounding techniques that people use to calm themselves when fear takes over.""", "Techniques for Managing Fear" 
Fear,"""Checking out emergency preparedness guides and reading articles on creating an emergency kit. I�m concerned about being unprepared for sudden situations, so I�m looking into everything from basic supplies to important contact lists. It feels necessary to take some steps toward readiness, just in case.""", "Emergency Preparedness 101" 
Fear,"""Researching the symptoms of health issues that have been on my mind, trying to understand what might be a serious warning sign versus a common issue. I�m feeling anxious and just want some reassurance or clear information on what might be happening.""", "Health Symptoms to Watch Out For" 
Fear,"""Researching animal attacks after seeing a news story about one. I�m reading up on how to stay safe in nature, looking for tips on what to do if encountering a wild animal, and feeling a bit on edge just thinking about it.""", "How to Stay Safe in the Wild" 
Fear,"""Researching the impact of climate change and reading about extreme weather events. Feeling a bit anxious about the future, especially as I learn more about rising sea levels and natural disasters. Trying to find out what actions I can take to be prepared and make more sustainable choices.""", "Climate Change: What You Need to Know" 
Fear,"""Researching tips on traveling solo and staying safe in new cities. Reading about potential risks and what precautions to take, especially when navigating unfamiliar areas. I�m excited to explore but want to feel as prepared as possible to avoid any issues.""", "Safety Tips for Solo Travelers" 
Fear,"""Looking into how to prepare for job interviews and reading about potential questions that might come up. Feeling anxious but hoping that being prepared will make me feel more confident when it�s time.""", "Top Job Interview Tips" 
Fear,"""Researching symptoms of common health issues after feeling a bit unwell, hoping to reassure myself that it�s nothing serious. Looking at information on when to seek medical help and calming techniques to help manage health-related worries.""", "Common Health Symptoms Explained" 
Fear,"""Exploring how to handle public speaking anxiety before an upcoming presentation. Reading tips from people who overcame it and looking for small tricks to help calm my nerves when I�m on stage.""", "Overcoming Public Speaking Fears" 
Fear,"""Looking up articles on cybersecurity to understand how to keep my data safe. Reading about recent breaches and ways to protect information online, trying to ensure my accounts are secure.""", "How to Keep Your Online Data Safe" 
Fear,"""Researching safety protocols for natural disasters, focusing on earthquake preparation. Reading advice from experts on how to protect myself and my loved ones in case of an emergency. Feeling a bit anxious but grateful for the resources available.""", "Earthquake Safety Tips Everyone Should Know" 
Fear,"""Researching techniques for managing stage fright, looking for exercises to help reduce nervousness. Reading tips from public speakers, feeling nervous but hopeful these strategies might work.""", "Overcoming Stage Fright" 
Fear,"""Reading about the basics of home security systems, feeling a bit worried about recent news in the area. Looking at reviews and features, trying to decide if a security upgrade might bring some peace of mind.""", "Choosing the Right Home Security System" 
Fear,"""Looking into common myths and facts about flying, trying to calm my nerves before an upcoming trip. Reading advice from frequent travelers and hoping to feel more at ease about getting on a plane.""", "Conquering Your Fear of Flying" 
Fear,"""I can feel my heart racing, and everything feels so uncertain. The thought of what's to come makes me anxious. I can't seem to shake this feeling of fear.""", A Sense of Dread 
Fear,"""There�s an unease deep inside me. I feel like something bad is going to happen, but I can't explain it. It�s a constant worry that just won't go away.""", Something�s Wrong 
Fear,"""I�m scared of what�s happening around me. I don�t know what�s going to happen next, and it terrifies me. My hands are shaking from fear.""", Terrified of the Unknown 
Fear,"""I feel a sense of dread hanging over me. Every noise, every movement makes my heart race. Something feels wrong, but I don�t know what.""", A Rising Fear 
Fear,"""The fear is consuming me. I can�t shake the feeling that something terrible is about to happen. My stomach is in knots.""", Paralyzed by Fear 
Fear,"""I�m on edge all the time, waiting for something bad to happen. It�s a constant anxiety that I can�t shake off.""", Constant Worry 
Fear,"""There�s an eerie feeling of uncertainty around me. I don�t know what�s going to happen next, and it�s scaring me.""", Fear of the Unknown 
Fear,"""I can�t stop imagining the worst-case scenario. Every time I try to calm down, my mind races with what could go wrong.""", On the Edge of Panic 
Fear,"""I�m constantly looking over my shoulder. It feels like danger is lurking around every corner, and I�m afraid to move.""", Haunted by Fear 
Fear,"""I feel like something bad is about to happen, and I can�t shake the feeling. My heart is racing, and I�m terrified.""", A Fearful Heart 
Fear,"""I can�t breathe properly, my chest feels tight, and I keep expecting something awful to happen.""", Struggling to Breathe 
Fear,"""The fear is overwhelming today. It�s like I�m trapped in a nightmare, and I can�t wake up.""", Trapped in Fear 
Fear,"""My mind is full of worst-case scenarios, and I can�t seem to stop them. I�m paralyzed by fear, and I don�t know what to do.""", Paranoia Takes Over 
Fear,"""My mind is racing with what-ifs, and I can�t seem to stop imagining the worst-case scenario. It�s terrifying.""", Constant Fear 
Fear,"""I�m on edge, waiting for something bad to happen. It�s like I�m constantly bracing myself for impact.""", Waiting for the Worst 
Fear,"""Every little sound makes my heart race. I feel like something is coming, and it�s hard to keep calm.""", Anxious Anticipation 
Fear,"""I can�t shake the feeling that danger is lurking around every corner. I�m afraid to move, afraid to breathe.""", Terrified and Trapped 
Fear,"""Every thought is clouded by fear. I can�t think clearly because the panic keeps overriding my mind.""", Fear of the Unknown 
Fear,"""I feel like I�m walking on a tightrope, and any moment now, I could fall into a deep, dark hole of fear.""", Teetering on the Edge 
Fear,"""Something bad is coming, and I can feel it. The weight of dread is settling in, and I can�t escape it.""", Unshakable Fear 
Fear,"""It�s like my body is on high alert. My heart races, and I can�t calm down. The fear is all-consuming.""", In the Grip of Fear 
Fear,"""The fear takes hold and won�t let go. My chest tightens with every passing moment, and I can�t shake it.""", Gripped by Terror 
Fear,"""I�m constantly looking over my shoulder, feeling like something terrible is about to happen.""", Paranoia and Anxiety 
Fear,"""I can�t breathe. The fear is suffocating, and it feels like it�s taking over my entire body.""", Paralysed by Fear 
Fear,"""I keep imagining the worst outcome. The anxiety is unbearable, and it won�t leave me alone.""", Anxious Thoughts 
Fear,"""My stomach is in knots, and every small sound makes my heart race. I can�t shake this feeling of dread.""", Constant Anxiety 
Fear,"""The darkness around me feels suffocating. I�m afraid of what�s lurking just beyond my reach.""", Fear of the Unknown 
Fear,"""The fear is constant, and I can�t escape it. Every step feels like it�s leading me to something terrible.""", Stuck in Panic 
Fear,"""I feel trapped in a nightmare. Every moment is filled with dread, and I can�t seem to wake up from it.""", Fear's Grip 
Fear,"""My thoughts are consumed by fear. I can�t think straight, and all I can focus on is the uncertainty ahead.""", Consumed by Fear 
Fear,"""There�s a constant pressure on my chest. I feel like something terrible is just about to happen.""", A Ticking Time Bomb 
Fear,"""I keep checking over my shoulder, and the fear won't let me focus. It's like something is watching me.""", Constant Vigilance 
Fear,"""The sense of danger is palpable. Every moment feels like it could be my last, and I�m afraid to move.""", Living in Fear 
Fear,"""My anxiety is overwhelming. I can�t shake this feeling that something bad is going to happen.""", Anxious Dread 
Fear,"""I feel like I�m being watched. It�s hard to focus because this overwhelming fear won�t let me go.""", Constant Paranoia 
Fear,"""My heart is racing, and I can�t calm down. The fear grips me, and it�s hard to breathe.""", Panic Stricken 
Fear,"""The feeling of dread is consuming me. Every sound feels ominous, and I can�t stop shaking.""", Fear of the Unknown 
Fear,"""Every time I think about what�s ahead, my stomach drops. The fear of what�s coming is unbearable.""", Impending Doom 
Fear,"""I�m constantly on edge. It feels like something terrible is just around the corner, and I can�t escape it.""", Living in Tension 
Fear,"""I can�t stop imagining the worst-case scenario. Every possible outcome seems filled with danger.""", Overthinking Fear 
Fear,"""The fear is paralyzing. I can�t move, and every decision feels like it might lead to disaster.""", Frozen by Fear 
Fear,"""I�m constantly checking my surroundings. It�s hard to relax when every moment feels threatening.""", Hypervigilant Anxiety 
Fear,"""I feel small, as though the world is too big for me to handle. The fear of being overwhelmed is suffocating.""", Overwhelmed by Fear 
Fear,"""I can't shake this feeling of dread. Something's not right, but I can't put my finger on it.""", Unsettling Dread 
Fear,"""My heart races as I glance over my shoulder, feeling like I'm being watched. It's an overwhelming fear.""", Constantly Watched 
Fear,"""The silence is deafening, and I feel a chill creeping down my spine. Something is wrong.""", Eerie Silence 
Fear,"""Every sound feels amplified, every movement a potential threat. My mind is racing with fearful thoughts.""", Hyper-aware Anxiety 
Fear,"""I can't breathe, my chest is tight, and the fear is suffocating. It's hard to think straight.""", Suffocating Panic 
Fear,"""I feel the hairs on the back of my neck stand up, and my pulse quickens. Something�s definitely off.""", Unease in the Air 
Fear,"""The shadows feel longer than they should, and every corner holds a potential danger.""", Paranoia Setting In 
Fear,"""My mind keeps imagining the worst-case scenario. I can't help but feel an impending sense of doom.""", Impending Doom 
Fear,"""I feel trapped, unable to escape the overwhelming sensation that something bad is about to happen.""", Trapped in Fear 
Fear,"""The unknown is terrifying. My mind is full of terrifying scenarios I can't stop imagining.""", Fear of the Unknown 
Fear,"""I feel like my every move is being watched, like there�s something lurking in the dark.""", Haunted by Fear 
Fear,"""I can�t stop shaking. I don�t know why, but the fear grips me tighter with every passing second.""", Gripped by Fear 
Fear,"""A sudden, unexplained fear washes over me, and my body freezes in place. I can�t move.""", Frozen in Fear 
Fear,"""I can hear every breath I take, and I�m terrified that someone is listening too.""", Fearful Awareness 
Fear,"""I keep imagining the worst-case scenario. What if something terrible happens right now?""", Worst-Case Imagination 
Fear,"""Every creak and groan in the house makes my skin crawl. I can't shake the sense of something lurking.""", Lurking Dread 
Fear,"""I feel my chest tighten, and my thoughts race. I'm overwhelmed by the fear of losing control.""", Fear of Losing Control 
Fear,"""I can't escape this feeling of impending danger. It's like something is waiting for me around the corner.""", Waiting for Disaster 
Fear,"""The darkness feels suffocating, and I can hear my own heartbeat pounding in my ears. I need to escape.""", Suffocated by Darkness 
Fear,"""I feel like I�m walking on eggshells, afraid to make the wrong move or say the wrong thing.""", Walking on Edge 
Fear,"""The silence is deafening, and I feel a chill creeping down my spine. Something is wrong.""", Eerie Silence 
Fear,"""Every sound feels amplified, every movement a potential threat. My mind is racing with fearful thoughts.""", Hyper-aware Anxiety 
Fear,"""I feel my heartbeat race as I walk down this dark alley. Something doesn�t feel right.""", Anxious Step 
Fear,"""Every little noise sends a wave of panic through me. I can�t shake this feeling of dread.""", Paranoia Building 
Fear,"""The door creaks, and my heart skips a beat. I don�t know who or what is behind it.""", Heart Stopping Fear 
Fear,"""I can�t stop thinking about all the things that could go wrong. My mind races with fear.""", Fearful Thoughts 
Fear,"""I can�t breathe, my chest tightens. It feels like danger is lurking just around the corner.""", Breathing in Fear 
Fear,"""The darkness feels suffocating. My breath becomes shallow, and I can�t shake the fear crawling up my spine.""", Dark Fear 
Fear,"""I can�t stop shaking. Every part of me is filled with fear. It�s hard to even stand up.""", Shaking with Fear 
Fear,"""I hear footsteps behind me. My heart races as I quicken my pace, feeling a sense of danger.""", Chased by Fear 
Depressive,"""Struggling with motivation lately, so I�m looking for articles that might help me get out of this rut. I�m reading about different strategies to overcome feelings of emptiness and watching videos on mental health to find ideas for dealing with the heavy emotions that seem to have no clear cause.""", "Ways to Cope with Depression" 
Depressive,"""Browsing forums about mental health struggles, reading posts by people who feel similarly to how I�m feeling. I�m finding comfort in the shared experiences but also looking for suggestions on how to handle it better. It�s helpful to know I�m not alone, even if it doesn�t solve everything right now.""", "Connecting Through Mental Health Forums" 
Depressive,"""Browsing through blogs that discuss coping with feelings of isolation and feeling detached. I�m trying to find a sense of comfort by reading about how others have managed when feeling disconnected, and hoping for a way to make things feel less heavy.""", "Finding Connection During Isolation" 
Depressive,"""Reading about low-energy days and ways to get through them. I�m finding advice on how to stay functional even when motivation is gone, looking for any tips that might help lift my spirits a little when things feel like too much.""", "Managing Low Energy and Motivation" 
Depressive,"""Reading about ways to cope with feelings of emptiness and exhaustion. Looking for advice on small actions to take when motivation feels completely drained. It�s comforting to read about simple steps others have taken that slowly helped them feel better.""", "How to Find Motivation When You�re Down" 
Depressive,"""Searching for ways to cope with low self-esteem and reading about small actions that can improve self-worth over time. Looking for simple steps to take, like journaling, and hoping to find a bit of encouragement.""", "How to Build Confidence Gradually" 
Depressive,"""Reading about how to handle overwhelming feelings when they just don�t seem to go away. Looking for articles that offer small steps for days when things feel hopeless and unmanageable, hoping for a glimmer of advice that can help.""", "Ways to Cope with Overwhelming Emotions" 
Depressive,"""Reading about mental health resources and support groups, looking for a way to connect with others who understand. It feels heavy, but I�m hoping for a bit of relief through connection with people facing similar struggles.""", "Mental Health Support Resources" 
Depressive,"""Looking for articles on dealing with setbacks and finding hope again. Reading about people who have faced major challenges and somehow managed to move forward, searching for a spark of resilience.""", "How to Overcome Life Setbacks" 
Depressive,"""Reading through forums where people share their experiences of living with chronic sadness. Searching for advice and understanding, hoping to find something that resonates with what I�m going through.""", "Finding Community During Hard Times" 
Depressive,"""Looking for small ways to feel less isolated, exploring virtual social groups and online communities. Hoping to find some form of connection that might make things feel a bit easier.""", "Connecting with Others Virtually" 
Depressive,"""Exploring advice on managing low-energy days, looking for simple steps to stay active when even basic tasks feel overwhelming. Reading about small routines that could help ease the heaviness a bit.""", "Finding Strength on Low-Energy Days" 
Depressive,"""It's hard to get out of bed most days. The weight of the world feels so heavy, and I can't seem to find a reason to keep going. Everything seems pointless.""", Feeling Alone 
Depressive,"""Every morning feels the same�just a dark cloud hanging over me. I can't find joy in anything anymore. Life just feels like a constant struggle.""", A Dark Cloud 
Depressive,"""I feel so exhausted all the time. I don't have the energy to do anything, not even the things I once enjoyed. It's like I'm walking through life in a fog.""", No Energy 
Depressive,"""I wake up every day with a sense of dread. I feel like I'm just going through the motions, but there�s no real purpose behind it.""", Another Day to Endure 
Depressive,"""Everything feels heavy today. Even small tasks seem impossible, and I can�t stop feeling like I�m sinking.""", Struggling to Breathe 
Depressive,"""I�m stuck in a cycle of sadness that I can�t escape. No matter what I do, the weight on my chest never goes away.""", A Never-Ending Sadness 
Depressive,"""Today feels like a battle. It takes all my energy just to get out of bed, and even then, I feel like I�m losing.""", Fighting to Survive 
Depressive,"""I can�t seem to find joy in anything anymore. Every day blends into the next, and nothing excites me.""", Lost in the Darkness 
Depressive,"""The sadness is so overwhelming. It�s like a constant ache in my heart that I can�t shake off, no matter how hard I try.""", Unbearable Weight 
Depressive,"""I don�t even know why I�m so sad. I�m just exhausted from trying to keep it together when everything feels wrong.""", Drowning in Despair 
Depressive,"""Some days, it feels like the world is closing in on me. There�s no escape from the sadness that constantly looms over me.""", Overwhelmed by Grief 
Depressive,"""I try to smile, but it doesn�t feel real. Everything seems so far away, like I�m disconnected from reality.""", The Mask I Wear 
Depressive,"""I can�t find the energy to do anything today. Every step feels like a struggle, and the future seems so uncertain.""", Trapped in My Thoughts 
Depressive,"""The days feel endless, and every morning feels like a burden. I�m exhausted, yet unable to rest.""", Endless Fatigue 
Depressive,"""I don�t know why I feel this way, but nothing seems to matter anymore. My motivation is completely gone.""", Numb and Lost 
Depressive,"""I am so tired of pretending everything is okay. I can�t go on like this anymore.""", Stuck in the Darkness 
Depressive,"""Each step feels heavy. It�s hard to even get out of bed, and the thought of facing another day drains me.""", Paralysis of Emotion 
Depressive,"""I�m sinking into this void, and no one seems to notice. The emptiness is unbearable.""", Drowning in Silence 
Depressive,"""Everything I see reminds me of how I�m failing. I can�t get away from this feeling of worthlessness.""", Overwhelmed by Guilt 
Depressive,"""I keep trying to push through, but the sadness never lets me go. It�s always there, hovering over me.""", A Shadow that Follows 
Depressive,"""Nothing brings joy anymore. The things that once made me happy now feel dull and meaningless.""", Lost in the Grayness 
Depressive,"""I am trapped inside my mind. I can�t break free from this dark cloud, no matter how hard I try.""", Trapped in the Dark 
Depressive,"""The pain feels endless, and even if I wanted to talk about it, I wouldn�t know where to begin.""", Silent Suffering 
Depressive,"""I feel completely detached from the world around me. It�s like everything is happening at a distance.""", Disconnected from Life 
Depressive,"""There�s no joy left in my life. Even the things I used to love bring no satisfaction anymore.""", Fading Joy 
Depressive,"""I�m trying to make it through the day, but it feels like an uphill battle. Everything feels impossible.""", Impossible Struggle 
Depressive,"""I wake up every day feeling like I�ve already lost. It�s hard to see any light in the darkness.""", Dark Mornings 
Depressive,"""The silence around me is deafening. I wish I could escape this overwhelming sadness.""", Silent Despair 
Depressive,"""It�s like a cloud has covered everything I do. I can�t find my way out of this overwhelming sadness.""", Drowning in Sadness 
Depressive,"""I feel stuck in this never-ending cycle. No matter how much I try, I can�t break free from it.""", Stuck in the Loop 
Depressive,"""Every step I take feels like I�m walking through quicksand. I can�t find the energy to move forward.""", Heavy Steps 
Depressive,"""There�s no escape from this feeling. It�s like I�m trapped inside my own mind, unable to get out.""", Mental Prison 
Depressive,"""My thoughts are suffocating me. Every time I try to find peace, my mind pulls me back into the darkness.""", Thought Overload 
Depressive,"""I feel so empty inside. There's nothing left to look forward to, and everything feels like a burden.""", Empty Inside 
Depressive,"""Each day feels like a repeat of the last, and I can�t find a reason to keep going.""", Endless Struggle 
Depressive,"""The weight of the world is too much for me to bear, and I just want to hide from it all.""", Overwhelmed by Life 
Depressive,"""There�s no joy left in me, even the things I once loved now feel like chores.""", Fading Happiness 
Depressive,"""Everything around me seems grey and lifeless. I can�t see the point of anything anymore.""", Lifeless World 
Depressive,"""I don�t know how to escape this sadness. It feels like it�s swallowing me whole.""", Swallowed by Sadness 
Depressive,"""I feel numb to everything, like I�m watching my life from the outside without being able to engage.""", Detached from Reality 
Depressive,"""I�ve been pretending to be fine, but inside I�m falling apart, and no one seems to notice.""", Hidden Despair 
Depressive,"""Every morning is harder than the last, and I don�t know how much longer I can keep going.""", Struggling to Breathe 
Depressive,"""I feel so alone, even when surrounded by people. It�s like they can�t see the real me anymore.""", Alone in a Crowded Room 
Depressive,"""The silence in my mind is deafening. I don�t know how to quiet the storm of negative thoughts.""", Mental Noise 
Depressive,"""I just want to sleep and never wake up. Waking up every day feels like a punishment.""", Endless Exhaustion 
Depressive,"""I�m tired of pretending to be okay when I feel like I�m drowning inside.""", Drowning in Silence 
Depressive,"""Every small setback feels like a catastrophe. I can�t seem to cope with anything anymore.""", Overwhelming Setbacks 
Depressive,"""I�ve lost all motivation. It�s hard to get up in the morning when there�s nothing to look forward to.""", Lack of Purpose 
Depressive,"""There�s no escape from this despair. It�s like a heavy cloud that follows me everywhere.""", Stuck in Despair 
Depressive,"""I feel like I�ve let everyone down. Nothing I do ever seems good enough.""", Guilt and Regret 
Depressive,"""I can�t shake this feeling of being broken. I don�t think I�ll ever feel whole again.""", Broken Inside 
Depressive,"""The world feels cold and indifferent. I can�t find a place where I belong.""", Isolated in the World 
Depressive,"""Every day feels like a mountain that�s impossible to climb, and I�m too tired to even try.""", Climbing Alone 
Depressive,"""I can�t find the motivation to do anything. Everything feels heavy and empty.""", Empty and Hopeless 
Depressive,"""It�s hard to find a reason to get out of bed. The weight of everything is too much to bear today.""", Struggling to Rise 
Depressive,"""It feels like there�s a heavy fog in my mind. I just can�t shake this sadness.""", Drowning in Fog 
Depressive,"""I feel as though I�m walking through thick mud. Each step takes more energy than the last.""", Exhausted from Within 
Depressive,"""I feel isolated from the world, like no one really understands what I�m going through.""", Lost in Loneliness 
Depressive,"""I wake up, but it feels like I�m still asleep, trapped in a haze that I can�t escape.""", Trapped in Darkness 
Depressive,"""I feel numb to everything. Even the things I used to enjoy now feel like a burden.""", Numb and Empty 
Depressive,"""I feel like I�m carrying the weight of the world on my shoulders, and it�s too much to bear.""", Crushed by the World 
Depressive,"""Everything feels pointless today. I don�t want to do anything, not even get out of bed.""", Pointless Existence 
Depressive,"""I feel so distant from everything. It�s like I�m watching my life from a distance, disconnected.""", Disconnected Feeling 
